Handle,Title,Body (HTML),Vendor,Product Category,Type,Tags,Published,Option1 Name,Option1 Value,Option1 Linked To,Option2 Name,Option2 Value,Option2 Linked To,Option3 Name,Option3 Value,Option3 Linked To,Variant SKU,Variant Grams,Variant Inventory Tracker,Variant Inventory Qty,Variant Inventory Policy,Variant Fulfillment Service,Variant Price,Variant Compare At Price,Variant Requires Shipping,Variant Taxable,Variant Barcode,Image Src,Image Position,Image Alt Text,Gift Card,SEO Title,SEO Description,Google Shopping / Google Product Category,Google Shopping / Gender,Google Shopping / Age Group,Google Shopping / MPN,Google Shopping / Condition,Google Shopping / Custom Product,Google Shopping / Custom Label 0,Google Shopping / Custom Label 1,Google Shopping / Custom Label 2,Google Shopping / Custom Label 3,Google Shopping / Custom Label 4,Product rating count (product.metafields.reviews.rating_count),Candle type (product.metafields.shopify.candle-type),Color (product.metafields.shopify.color-pattern),Material (product.metafields.shopify.material),Package type (product.metafields.shopify.package-type),Variant Image,Variant Weight Unit,Variant Tax Code,Cost per item,Included / Australia,Price / Australia,Compare At Price / Australia,Included / International,Price / International,Compare At Price / International,Status
pineapple-peach-scented-candle,Pineapple & Peach Scented Candle,"<p data-start=""319"" data-end=""347"" class=""""><em>Juicy. Golden. Zero chill.</em></p>
<p data-start=""349"" data-end=""708"" class=""""><strong data-start=""349"" data-end=""395"">Like a sun-kissed smoothie in candle form.</strong><br data-start=""395"" data-end=""398""><em data-start=""398"" data-end=""417"">Pineapple &amp; Peach</em> is fruity, sweet, and just a little flirty — perfect for that golden hour energy. Think backyard hangs, bare feet on warm concrete, and iced drinks in hand. This candle is what you light when you’re not ready for the day to end — or just need a hit of feel-good summer vibes all year round.</p>
<hr data-start=""710"" data-end=""713"" class="""">
<p data-start=""715"" data-end=""801"" class=""""><strong data-start=""715"" data-end=""731"">Scent Notes:</strong><br data-start=""731"" data-end=""734"">• Raspberry &amp; Pineapple<br data-start=""757"" data-end=""760"">• Jasmine &amp; Peach<br data-start=""777"" data-end=""780"">• Vanilla &amp; Soft Musk</p>
<hr data-start=""803"" data-end=""806"" class="""">
<p data-start=""808"" data-end=""920"" class=""""><strong data-start=""808"" data-end=""826"">Light it when:</strong><br data-start=""826"" data-end=""829"">You're chasing sunshine, planning a picnic, or vibing in your own little tropical daydream.</p>
<hr data-start=""922"" data-end=""925"" class="""">
<p data-start=""927"" data-end=""1063"" class=""""><strong data-start=""927"" data-end=""949"">Sizes &amp; Burn Time:</strong><br data-start=""949"" data-end=""952"">• Medium – 33hr burn<br data-start=""972"" data-end=""975"">• Large – 48hr burn<br data-start=""994"" data-end=""997"">• X-Large – 63hr burn<br data-start=""1018"" data-end=""1021"">(All hand-poured with soy wax + CDN wicks)</p>
<hr data-start=""1065"" data-end=""1068"" class="""">
<p data-start=""1070"" data-end=""1214"" class=""""><strong data-start=""1070"" data-end=""1083"">Shipping:</strong><br data-start=""1083"" data-end=""1086"">Dispatched in 1–3 business days from our candle studio in QLD. Packed sustainably with recyclable materials and good vibes only.</p>",Zenvi Boutique,Home & Garden > Decor > Home Fragrances > Candles,"","",true,Size,Medium,,,,,,,,"",0.0,shopify,3,deny,manual,24.99,,true,true,"",https://cdn.shopify.com/s/files/1/0755/8591/2866/files/Untitled-2.png?v=1742189841,1,"",false,,,,,,,,,,,,,,,,,,,,kg,,,true,,,true,,,active
pineapple-peach-scented-candle,,,,,,,,,Large,,,,,,,,"",0.0,shopify,3,deny,manual,29.99,,true,true,"",,,,,,,,,,,,,,,,,,,,,,,,kg,,,,,,,,,
pineapple-peach-scented-candle,,,,,,,,,X-Large,,,,,,,,"",0.0,shopify,3,deny,manual,34.99,,true,true,"",,,,,,,,,,,,,,,,,,,,,,,,kg,,,,,,,,,
white-lily-persimmon-scented-candle,White Lily & Persimmon Scented Candle,"<p data-start=""177"" data-end=""215"" class=""""><em>Soft. Clean. Unexpectedly addictive.</em></p>
<p data-start=""217"" data-end=""580"" class=""""><strong data-start=""217"" data-end=""268"">Fresh like clean sheets. Warm like golden hour.</strong><br data-start=""268"" data-end=""271""><em data-start=""271"" data-end=""295"">White Lily &amp; Persimmon</em> is that perfect in-between — delicate white florals layered over juicy fruit and a touch of creamy musk. It smells like a perfectly put-together Sunday morning, or the first deep breath after you’ve cleaned your whole space. Subtle but stunning, this one turns any room into a moment.</p>
<hr data-start=""582"" data-end=""585"" class="""">
<p data-start=""587"" data-end=""678"" class=""""><strong data-start=""587"" data-end=""603"">Scent Notes:</strong><br data-start=""603"" data-end=""606"">• Persimmon &amp; Grapefruit<br data-start=""630"" data-end=""633"">• White Lily &amp; Cassis<br data-start=""654"" data-end=""657"">• Vanilla &amp; Soft Musk</p>
<hr data-start=""680"" data-end=""683"" class="""">
<p data-start=""685"" data-end=""803"" class=""""><strong data-start=""685"" data-end=""703"">Light it when:</strong><br data-start=""703"" data-end=""706"">You need a little reset, a clean-scented vibe, or your space needs to smell as fresh as it looks.</p>
<hr data-start=""805"" data-end=""808"" class="""">
<p data-start=""810"" data-end=""946"" class=""""><strong data-start=""810"" data-end=""832"">Sizes &amp; Burn Time:</strong><br data-start=""832"" data-end=""835"">• Medium – 33hr burn<br data-start=""855"" data-end=""858"">• Large – 48hr burn<br data-start=""877"" data-end=""880"">• X-Large – 63hr burn<br data-start=""901"" data-end=""904"">(All hand-poured with soy wax + CDN wicks)</p>
<hr data-start=""948"" data-end=""951"" class="""">
<p data-start=""953"" data-end=""1091"" class=""""><strong data-start=""953"" data-end=""966"">Shipping:</strong><br data-start=""966"" data-end=""969"">Dispatched in 1–3 business days from our candle studio in QLD. Packed with recyclable materials and that Zenvi-level care.</p>",Zenvi Boutique,Home & Garden > Decor > Home Fragrances > Candles,"","",true,Size,Medium,,,,,,,,"",0.0,shopify,3,deny,manual,24.99,,true,true,"",https://cdn.shopify.com/s/files/1/0755/8591/2866/files/DALL_E2024-09-2915.54.49-Arealisticproductshootofamatteblackcandlewithathickerfullytimberlid_placeduprightonasoftcreamandlightgreenbackground.Thecand.webp?v=1727589299,1,"",false,,,,,,,,,,,,,,,,,,,,kg,,,true,,,true,,,active
white-lily-persimmon-scented-candle,,,,,,,,,Large,,,,,,,,"",0.0,shopify,3,deny,manual,29.99,,true,true,"",,,,,,,,,,,,,,,,,,,,,,,,kg,,,,,,,,,
white-lily-persimmon-scented-candle,,,,,,,,,X-Large,,,,,,,,"",0.0,shopify,3,deny,manual,34.99,,true,true,"",,,,,,,,,,,,,,,,,,,,,,,,kg,,,,,,,,,
champagne-strawberry-scented-candle,Champagne & Strawberry Scented Candle,"<p data-start=""329"" data-end=""768"" class=""""><strong data-start=""329"" data-end=""369"">Sweet. Sparkly. A little bit boujee.</strong><br data-start=""369"" data-end=""372"">Pop the bubbly and cue the chaos — this candle smells like a flirty girls’ night in that <em data-start=""461"" data-end=""468"">might</em> end in karaoke. <em data-start=""485"" data-end=""509"">Champagne &amp; Strawberry</em> is fruity, fizzy, and floral with just enough sweetness to keep you coming back. It’s fresh-out-of-the-shower energy mixed with the confidence of putting on your “going out” perfume for no reason at all. Light it when you're feeling yourself — or want to be.</p>
<hr data-start=""770"" data-end=""773"" class="""">
<p data-start=""775"" data-end=""890"" class=""""><strong data-start=""775"" data-end=""791"">Scent Notes:</strong><br data-start=""791"" data-end=""794"">• Raspberry Leaf &amp; Green Florals<br data-start=""826"" data-end=""829"">• Champagne, Red Rose, Strawberry<br data-start=""862"" data-end=""865"">• Vanilla Bean &amp; Hyacinth</p>
<hr data-start=""892"" data-end=""895"" class="""">
<p data-start=""897"" data-end=""1018"" class=""""><strong data-start=""897"" data-end=""915"">Light it when:</strong><br data-start=""915"" data-end=""918"">You’ve got fresh sheets, a cheeky playlist on, and you’re vibing solo or with your favourite humans.</p>
<hr data-start=""1020"" data-end=""1023"" class="""">
<p data-start=""1025"" data-end=""1161"" class=""""><strong data-start=""1025"" data-end=""1047"">Sizes &amp; Burn Time:</strong><br data-start=""1047"" data-end=""1050"">• Medium – 33hr burn<br data-start=""1070"" data-end=""1073"">• Large – 48hr burn<br data-start=""1092"" data-end=""1095"">• X-Large – 63hr burn<br data-start=""1116"" data-end=""1119"">(All hand-poured with soy wax + CDN wicks)</p>
<hr data-start=""1163"" data-end=""1166"" class="""">
<p data-start=""1168"" data-end=""1311"" class=""""><strong data-start=""1168"" data-end=""1181"">Shipping:</strong><br data-start=""1181"" data-end=""1184"">Dispatched in 1–3 business days from our candle studio in QLD. Always packed with recyclable materials and a whole lot of love.</p>",Zenvi Boutique,Home & Garden > Decor > Home Fragrances > Candles,"","",true,Size,Medium,,,,,,,,"",0.0,shopify,3,deny,manual,24.99,,true,true,"",https://cdn.shopify.com/s/files/1/0755/8591/2866/files/Champagne-Strawberry-Candle.png?v=1729749625,1,"",false,,,,,,,,,,,,,,,,,,,,kg,,,true,,,true,,,active
champagne-strawberry-scented-candle,,,,,,,,,Large,,,,,,,,"",0.0,shopify,3,deny,manual,29.99,,true,true,"",,,,,,,,,,,,,,,,,,,,,,,,kg,,,,,,,,,
champagne-strawberry-scented-candle,,,,,,,,,X-Large,,,,,,,,"",0.0,shopify,3,deny,manual,34.99,,true,true,"",,,,,,,,,,,,,,,,,,,,,,,,kg,,,,,,,,,
watermelon-lemonade-scented-candle,Watermelon Lemonade Scented Candle,"<p data-start=""178"" data-end=""211"" class=""""><em data-start=""178"" data-end=""211"">Bright. Juicy. Summer in a jar.</em></p>
<p data-start=""213"" data-end=""589"" class=""""><strong data-start=""213"" data-end=""253"">Smells like sunshine and good moods.</strong><br data-start=""253"" data-end=""256""><em data-start=""256"" data-end=""277"">Watermelon Lemonade</em> is the ultimate crowd-pleaser — zesty lemon and sweet melon pour over crushed watermelon and blackberry with a hint of sea breeze in the back. It’s fizzy, fresh, and smells like a holiday you didn’t have to save for. Light it to instantly lift the vibe and pretend you’re sipping something cold on a sun lounge.</p>
<hr data-start=""591"" data-end=""594"" class="""">
<p data-start=""596"" data-end=""695"" class=""""><strong data-start=""596"" data-end=""612"">Scent Notes:</strong><br data-start=""612"" data-end=""615"">• Lemon &amp; Casaba Melon<br data-start=""637"" data-end=""640"">• Watermelon &amp; Blackberry<br data-start=""665"" data-end=""668"">• Vanilla Bean &amp; Sea Breeze</p>
<hr data-start=""697"" data-end=""700"" class="""">
<p data-start=""702"" data-end=""791"" class=""""><strong data-start=""702"" data-end=""720"">Light it when:</strong><br data-start=""720"" data-end=""723"">You want your house to feel like summer — even if it’s freezing out.</p>
<hr data-start=""793"" data-end=""796"" class="""">
<p data-start=""798"" data-end=""934"" class=""""><strong data-start=""798"" data-end=""820"">Sizes &amp; Burn Time:</strong><br data-start=""820"" data-end=""823"">• Medium – 33hr burn<br data-start=""843"" data-end=""846"">• Large – 48hr burn<br data-start=""865"" data-end=""868"">• X-Large – 63hr burn<br data-start=""889"" data-end=""892"">(All hand-poured with soy wax + CDN wicks)</p>
<hr data-start=""936"" data-end=""939"" class="""">
<p data-start=""941"" data-end=""1061"" class=""""><strong data-start=""941"" data-end=""954"">Shipping:</strong><br data-start=""954"" data-end=""957"">Dispatched in 1–3 business days from our candle studio in QLD. Sustainably packed and sunshine-approved.</p>",Zenvi Boutique,Home & Garden > Decor > Home Fragrances > Candles,"",Best Seller,true,Size,Medium,,,,,,,,"",0.0,shopify,3,deny,manual,24.99,,true,true,"",https://cdn.shopify.com/s/files/1/0755/8591/2866/files/DALL_E_2024-09-29_15.48.41_-_A_realistic_product_shoot_of_a_matte_black_candle_with_a_fully_timber_lid_placed_upright_on_a_vibrant_pink_and_yellow_background._The_candle_is_surro.webp?v=1727588930,1,"",false,,,,,,,,,,,,,,,,,,,,kg,,,true,,,true,,,active
watermelon-lemonade-scented-candle,,,,,,,,,Large,,,,,,,,"",0.0,shopify,3,deny,manual,29.99,,true,true,"",,,,,,,,,,,,,,,,,,,,,,,,kg,,,,,,,,,
watermelon-lemonade-scented-candle,,,,,,,,,X-Large,,,,,,,,"",0.0,shopify,3,deny,manual,34.99,,true,true,"",,,,,,,,,,,,,,,,,,,,,,,,kg,,,,,,,,,
orange-peach-blossom-scented-candle,Orange & Peach Blossom Scented Candle,"<p data-start=""182"" data-end=""222"" class=""""><em data-start=""182"" data-end=""222"">Bright. Feminine. Main character glow.</em></p>
<p data-start=""224"" data-end=""547"" class=""""><strong data-start=""224"" data-end=""257"">Like golden hour in a bottle.</strong><br data-start=""257"" data-end=""260""><em data-start=""260"" data-end=""284"">Orange &amp; Peach Blossom</em> opens with zesty orange peel and soft peach florals, grounded by dreamy jasmine and a whisper of ylang ylang. It’s radiant, smooth, and smells like fresh starts and soft glam. Light it when you want your space to feel warm, light-filled, and a little bit boujee.</p>
<hr data-start=""549"" data-end=""552"" class="""">
<p data-start=""554"" data-end=""657"" class=""""><strong data-start=""554"" data-end=""570"">Scent Notes:</strong><br data-start=""570"" data-end=""573"">• Orange Peel &amp; Bergamot<br data-start=""597"" data-end=""600"">• Oriental Jasmine &amp; Peach Blossom<br data-start=""634"" data-end=""637"">• Musk &amp; Ylang Ylang</p>
<hr data-start=""659"" data-end=""662"" class="""">
<p data-start=""664"" data-end=""770"" class=""""><strong data-start=""664"" data-end=""682"">Light it when:</strong><br data-start=""682"" data-end=""685"">You’ve got a clean fit on, your skin’s glowing, and you’re manifesting something big.</p>
<hr data-start=""772"" data-end=""775"" class="""">
<p data-start=""777"" data-end=""913"" class=""""><strong data-start=""777"" data-end=""799"">Sizes &amp; Burn Time:</strong><br data-start=""799"" data-end=""802"">• Medium – 33hr burn<br data-start=""822"" data-end=""825"">• Large – 48hr burn<br data-start=""844"" data-end=""847"">• X-Large – 63hr burn<br data-start=""868"" data-end=""871"">(All hand-poured with soy wax + CDN wicks)</p>
<hr data-start=""915"" data-end=""918"" class="""">
<p data-start=""920"" data-end=""1033"" class=""""><strong data-start=""920"" data-end=""933"">Shipping:</strong><br data-start=""933"" data-end=""936"">Dispatched in 1–3 business days from our QLD candle studio. Eco-friendly packaging, maximum glow.</p>",Zenvi Boutique,Home & Garden > Decor > Home Fragrances > Candles,"","",true,Size,Medium,,,,,,,,"",0.0,shopify,3,deny,manual,24.99,,true,true,"",https://cdn.shopify.com/s/files/1/0755/8591/2866/files/Untitled-1_c9f81afd-2ec3-410a-be38-73c7ca266546.png?v=1742187867,1,"",false,,,,,,,,,,,,,,,,,,,,kg,,,true,,,true,,,active
orange-peach-blossom-scented-candle,,,,,,,,,Large,,,,,,,,"",0.0,shopify,3,deny,manual,29.99,,true,true,"",,,,,,,,,,,,,,,,,,,,,,,,kg,,,,,,,,,
orange-peach-blossom-scented-candle,,,,,,,,,X-Large,,,,,,,,"",0.0,shopify,3,deny,manual,34.99,,true,true,"",,,,,,,,,,,,,,,,,,,,,,,,kg,,,,,,,,,
lime-basil-mandarin-scented-candle,"Lime, Basil & Mandarin Scented Candle","<p data-start=""169"" data-end=""202"" class=""""><em data-start=""169"" data-end=""202"">Fresh. Uplifting. A whole vibe.</em></p>
<p data-start=""204"" data-end=""564"" class=""""><strong data-start=""204"" data-end=""248"">Crisp citrus meets herb garden realness.</strong><br data-start=""248"" data-end=""251""><em data-start=""251"" data-end=""275"">Lime, Basil &amp; Mandarin</em> is a clean, energising blend that feels like a fresh start. Bright lime and juicy mandarin cut through the air, while soft basil and thyme keep it grounded and grown-up. It’s giving calm confidence, clear-headed mornings, and ""my life is together"" energy — even if it's just for a minute.</p>
<hr data-start=""566"" data-end=""569"" class="""">
<p data-start=""571"" data-end=""658"" class=""""><strong data-start=""571"" data-end=""587"">Scent Notes:</strong><br data-start=""587"" data-end=""590"">• Lime Zest &amp; Mandarin<br data-start=""612"" data-end=""615"">• Basil Leaf &amp; Thyme<br data-start=""635"" data-end=""638"">• Jasmine &amp; Cyclamen</p>
<hr data-start=""660"" data-end=""663"" class="""">
<p data-start=""665"" data-end=""799"" class=""""><strong data-start=""665"" data-end=""683"">Light it when:</strong><br data-start=""683"" data-end=""686"">You’re cleaning the house, sipping something iced, or pretending you’ve got your life sorted (even if you don’t).</p>
<hr data-start=""801"" data-end=""804"" class="""">
<p data-start=""806"" data-end=""942"" class=""""><strong data-start=""806"" data-end=""828"">Sizes &amp; Burn Time:</strong><br data-start=""828"" data-end=""831"">• Medium – 33hr burn<br data-start=""851"" data-end=""854"">• Large – 48hr burn<br data-start=""873"" data-end=""876"">• X-Large – 63hr burn<br data-start=""897"" data-end=""900"">(All hand-poured with soy wax + CDN wicks)</p>
<hr data-start=""944"" data-end=""947"" class="""">
<p data-start=""949"" data-end=""1070"" class=""""><strong data-start=""949"" data-end=""962"">Shipping:</strong><br data-start=""962"" data-end=""965"">Dispatched in 1–3 business days from our QLD candle studio. Packed clean, shipped fast, always with love.</p>",Zenvi Boutique,Home & Garden > Decor > Home Fragrances > Candles,"","",true,Size,Medium,,,,,,,,"",0.0,shopify,3,deny,manual,24.99,,true,true,"",https://cdn.shopify.com/s/files/1/0755/8591/2866/files/Untitled-1.png?v=1742187654,1,"",false,,,,,,,,,,,,,,,container,black,,,,kg,,,true,,,true,,,active
lime-basil-mandarin-scented-candle,,,,,,,,,Large,,,,,,,,"",0.0,shopify,3,deny,manual,29.99,,true,true,"",,,,,,,,,,,,,,,,,,,,,,,,kg,,,,,,,,,
lime-basil-mandarin-scented-candle,,,,,,,,,X-Large,,,,,,,,"",0.0,shopify,3,deny,manual,34.99,,true,true,"",,,,,,,,,,,,,,,,,,,,,,,,kg,,,,,,,,,
musk-sticks-scented-candle,Musk Sticks Scented Candle,"<p data-start=""147"" data-end=""183"" class=""""><em data-start=""147"" data-end=""183"">Sweet. Nostalgic. A little cheeky.</em></p>
<p data-start=""185"" data-end=""559"" class=""""><strong data-start=""185"" data-end=""241"">Smells like childhood treats... with grown-up taste.</strong><br data-start=""241"" data-end=""244""><em data-start=""244"" data-end=""257"">Musk Sticks</em> is your throwback fave reimagined — sugary, smooth, and just the right amount of flirty. With hints of pineapple, sugar cane, and warm musk, this scent is playful without being overpowering. It’s soft, candy-coated bliss in candle form. Light it for a hit of happy memories and a seriously sweet vibe.</p>
<hr data-start=""561"" data-end=""564"" class="""">
<p data-start=""566"" data-end=""648"" class=""""><strong data-start=""566"" data-end=""582"">Scent Notes:</strong><br data-start=""582"" data-end=""585"">• Lemon &amp; Pineapple<br data-start=""604"" data-end=""607"">• Sugar Cane &amp; Honey<br data-start=""627"" data-end=""630"">• Musk &amp; Patchouli</p>
<hr data-start=""650"" data-end=""653"" class="""">
<p data-start=""655"" data-end=""771"" class=""""><strong data-start=""655"" data-end=""673"">Light it when:</strong><br data-start=""673"" data-end=""676"">You’re craving something sweet, soft, and a little bit nostalgic — no corner shop run required.</p>
<hr data-start=""773"" data-end=""776"" class="""">
<p data-start=""778"" data-end=""914"" class=""""><strong data-start=""778"" data-end=""800"">Sizes &amp; Burn Time:</strong><br data-start=""800"" data-end=""803"">• Medium – 33hr burn<br data-start=""823"" data-end=""826"">• Large – 48hr burn<br data-start=""845"" data-end=""848"">• X-Large – 63hr burn<br data-start=""869"" data-end=""872"">(All hand-poured with soy wax + CDN wicks)</p>
<hr data-start=""916"" data-end=""919"" class="""">
<p data-start=""921"" data-end=""1053"" class=""""><strong data-start=""921"" data-end=""934"">Shipping:</strong><br data-start=""934"" data-end=""937"">Dispatched in 1–3 business days from our QLD candle studio. Packed sustainably, scented like your sweetest memories.</p>",Zenvi Boutique,Home & Garden > Decor > Home Fragrances > Candles,"",Best Seller,true,Size,Medium,,,,,,,,"",0.0,shopify,3,deny,manual,24.99,,true,true,"",https://cdn.shopify.com/s/files/1/0755/8591/2866/files/Untitled-1_368e79cb-dce7-428d-8d02-f791a8db5d0b.png?v=1742187806,1,"",false,,,,,,,,,,,,,,,container,black,,,,kg,,,true,,,true,,,active
musk-sticks-scented-candle,,,,,,,,,Large,,,,,,,,"",0.0,shopify,3,deny,manual,29.99,,true,true,"",,,,,,,,,,,,,,,,,,,,,,,,kg,,,,,,,,,
musk-sticks-scented-candle,,,,,,,,,X-Large,,,,,,,,"",0.0,shopify,3,deny,manual,34.99,,true,true,"",,,,,,,,,,,,,,,,,,,,,,,,kg,,,,,,,,,
coconut-lime-punch-scented-candle,Coconut Lime Punch Scented Candle,"<p data-start=""169"" data-end=""200"" class=""""><em data-start=""169"" data-end=""200"">Zesty. Creamy. Island energy.</em></p>
<p data-start=""202"" data-end=""541"" class=""""><strong data-start=""202"" data-end=""263"">Smells like a tropical cocktail you didn’t have to shake.</strong><br data-start=""263"" data-end=""266""><em data-start=""266"" data-end=""286"">Coconut Lime Punch</em> is that first-sip feeling — juicy lime and mandarin meet smooth coconut and a hint of sweet vanilla malt. It’s bright, beachy, and just the right amount of creamy. Light it for that instant island escape, even if you're just chilling in your lounge room.</p>
<hr data-start=""543"" data-end=""546"" class="""">
<p data-start=""548"" data-end=""634"" class=""""><strong data-start=""548"" data-end=""564"">Scent Notes:</strong><br data-start=""564"" data-end=""567"">• Lime &amp; Mandarin<br data-start=""584"" data-end=""587"">• Coconut &amp; Buttermilk<br data-start=""609"" data-end=""612"">• Musk, Vanilla &amp; Malt</p>
<hr data-start=""636"" data-end=""639"" class="""">
<p data-start=""641"" data-end=""751"" class=""""><strong data-start=""641"" data-end=""659"">Light it when:</strong><br data-start=""659"" data-end=""662"">You need a mental holiday, your playlist says “sunshine,” and you’re ready to chill hard.</p>
<hr data-start=""753"" data-end=""756"" class="""">
<p data-start=""758"" data-end=""894"" class=""""><strong data-start=""758"" data-end=""780"">Sizes &amp; Burn Time:</strong><br data-start=""780"" data-end=""783"">• Medium – 33hr burn<br data-start=""803"" data-end=""806"">• Large – 48hr burn<br data-start=""825"" data-end=""828"">• X-Large – 63hr burn<br data-start=""849"" data-end=""852"">(All hand-poured with soy wax + CDN wicks)</p>
<hr data-start=""896"" data-end=""899"" class="""">
<p data-start=""901"" data-end=""1009"" class=""""><strong data-start=""901"" data-end=""914"">Shipping:</strong><br data-start=""914"" data-end=""917"">Dispatched in 1–3 business days from our QLD candle studio. Eco-packed and paradise-scented.</p>",Zenvi Boutique,Home & Garden > Decor > Home Fragrances > Candles,"","",true,Size,Medium,,,,,,,,"",0.0,shopify,3,deny,manual,24.99,,true,true,"",https://cdn.shopify.com/s/files/1/0755/8591/2866/files/Coconut-Lime-Punch-Candle.png?v=1742188162,1,"",false,,,,,,,,,,,,,,,container,black,,,,kg,,,true,,,true,,,active
coconut-lime-punch-scented-candle,,,,,,,,,Large,,,,,,,,"",0.0,shopify,3,deny,manual,29.99,,true,true,"",,,,,,,,,,,,,,,,,,,,,,,,kg,,,,,,,,,
coconut-lime-punch-scented-candle,,,,,,,,,X-Large,,,,,,,,"",0.0,shopify,3,deny,manual,34.99,,true,true,"",,,,,,,,,,,,,,,,,,,,,,,,kg,,,,,,,,,
sweet-pea-vanilla-scented-candle,Sweet Pea & Vanilla Scented Candle,"<p data-start=""164"" data-end=""194"" class=""""><em data-start=""164"" data-end=""194"">Soft. Sweet. Dreamy as hell.</em></p>
<p data-start=""196"" data-end=""555"" class=""""><strong data-start=""196"" data-end=""241"">Like a warm breeze through fresh flowers.</strong><br data-start=""241"" data-end=""244""><em data-start=""244"" data-end=""265"">Sweet Pea &amp; Vanilla</em> is a soft, juicy floral that wraps you up in peachy petals and sweet daydreams. With notes of honeydew, redcurrant, and jasmine, it’s a clean, sweet scent that feels like a hug from your fave person. Light it when your space needs a little comfort, calm, or romantic main character energy.</p>
<hr data-start=""557"" data-end=""560"" class="""">
<p data-start=""562"" data-end=""656"" class=""""><strong data-start=""562"" data-end=""578"">Scent Notes:</strong><br data-start=""578"" data-end=""581"">• Peach Nectar &amp; Honeydew<br data-start=""606"" data-end=""609"">• Redcurrant &amp; Sweet Pea<br data-start=""633"" data-end=""636"">• Jasmine &amp; Cyclamen</p>
<hr data-start=""658"" data-end=""661"" class="""">
<p data-start=""663"" data-end=""769"" class=""""><strong data-start=""663"" data-end=""681"">Light it when:</strong><br data-start=""681"" data-end=""684"">You’re craving comfort, quiet, or just something that smells <em data-start=""745"" data-end=""769"">really, really pretty.</em></p>
<hr data-start=""771"" data-end=""774"" class="""">
<p data-start=""776"" data-end=""912"" class=""""><strong data-start=""776"" data-end=""798"">Sizes &amp; Burn Time:</strong><br data-start=""798"" data-end=""801"">• Medium – 33hr burn<br data-start=""821"" data-end=""824"">• Large – 48hr burn<br data-start=""843"" data-end=""846"">• X-Large – 63hr burn<br data-start=""867"" data-end=""870"">(All hand-poured with soy wax + CDN wicks)</p>
<hr data-start=""914"" data-end=""917"" class="""">
<p data-start=""919"" data-end=""1050"" class=""""><strong data-start=""919"" data-end=""932"">Shipping:</strong><br data-start=""932"" data-end=""935"">Dispatched in 1–3 business days from our QLD candle studio. Packed with recyclable materials and good vibes always.</p>",Zenvi Boutique,Home & Garden > Decor > Home Fragrances > Candles,"","",true,Size,Medium,,,,,,,,"",0.0,shopify,3,deny,manual,24.99,,true,true,"",https://cdn.shopify.com/s/files/1/0755/8591/2866/files/Untitled-1_7d8bbc21-63ac-4343-b2a1-3af363c146a9.png?v=1742187974,1,"",false,,,,,,,,,,,,,,,,,,,,kg,,,true,,,true,,,active
sweet-pea-vanilla-scented-candle,,,,,,,,,Large,,,,,,,,"",0.0,shopify,3,deny,manual,29.99,,true,true,"",,,,,,,,,,,,,,,,,,,,,,,,kg,,,,,,,,,
sweet-pea-vanilla-scented-candle,,,,,,,,,X-Large,,,,,,,,"",0.0,shopify,3,deny,manual,34.99,,true,true,"",,,,,,,,,,,,,,,,,,,,,,,,kg,,,,,,,,,
sex-on-the-beach-scented-candle,Sex on the Beach Scented Candle,"<p data-start=""152"" data-end=""183"" class=""""><em data-start=""152"" data-end=""183"">Flirty. Tropical. Zero shame.</em></p>
<p data-start=""185"" data-end=""553"" class=""""><strong data-start=""185"" data-end=""227"">Sweet, loud, and a little bit naughty.</strong><br data-start=""227"" data-end=""230""><em data-start=""230"" data-end=""248"">Sex on the Beach</em> is fruity chaos in the best way — pineapple, cranberry, and banana meet creamy coconut and soft petals in a scent that smells like late nights, sun-kissed skin, and ""you up?"" texts. It’s bold, juicy, and dangerously addictive. Light it when you're in the mood to flirt... even if it's just with yourself.</p>
<hr data-start=""555"" data-end=""558"" class="""">
<p data-start=""560"" data-end=""650"" class=""""><strong data-start=""560"" data-end=""576"">Scent Notes:</strong><br data-start=""576"" data-end=""579"">• Pineapple &amp; Cranberry<br data-start=""602"" data-end=""605"">• Peach &amp; Banana<br data-start=""621"" data-end=""624"">• Coconut &amp; Jasmine Petals</p>
<hr data-start=""652"" data-end=""655"" class="""">
<p data-start=""657"" data-end=""773"" class=""""><strong data-start=""657"" data-end=""675"">Light it when:</strong><br data-start=""675"" data-end=""678"">You want your room to smell like a tropical holiday and your vibe to feel like a cocktail menu.</p>
<hr data-start=""775"" data-end=""778"" class="""">
<p data-start=""780"" data-end=""916"" class=""""><strong data-start=""780"" data-end=""802"">Sizes &amp; Burn Time:</strong><br data-start=""802"" data-end=""805"">• Medium – 33hr burn<br data-start=""825"" data-end=""828"">• Large – 48hr burn<br data-start=""847"" data-end=""850"">• X-Large – 63hr burn<br data-start=""871"" data-end=""874"">(All hand-poured with soy wax + CDN wicks)</p>
<hr data-start=""918"" data-end=""921"" class="""">
<p data-start=""923"" data-end=""1030"" class=""""><strong data-start=""923"" data-end=""936"">Shipping:</strong><br data-start=""936"" data-end=""939"">Dispatched in 1–3 business days from our QLD candle studio. Packed sustainably with a wink.</p>",Zenvi Boutique,Home & Garden > Decor > Home Fragrances > Candles,"",Best Seller,true,Size,Medium,,,,,,,,"",0.0,shopify,3,deny,manual,24.99,,true,true,"",https://cdn.shopify.com/s/files/1/0755/8591/2866/files/Untitled-1_e95ab2dd-85c2-490a-b24e-0b3a77ac2a8b.png?v=1742187919,1,"",false,,,,,,,,,,,,,,,,,,,,kg,,,true,,,true,,,active
sex-on-the-beach-scented-candle,,,,,,,,,Large,,,,,,,,"",0.0,shopify,3,deny,manual,29.99,,true,true,"",,,,,,,,,,,,,,,,,,,,,,,,kg,,,,,,,,,
sex-on-the-beach-scented-candle,,,,,,,,,X-Large,,,,,,,,"",0.0,shopify,3,deny,manual,34.99,,true,true,"",,,,,,,,,,,,,,,,,,,,,,,,kg,,,,,,,,,
japanese-honeysuckle-scented-candle,Japanese Honeysuckle Scented Candle,"<p data-start=""169"" data-end=""208"" class=""""><em data-start=""169"" data-end=""208"">Elegant. Sweet. Totally spellbinding.</em></p>
<p data-start=""210"" data-end=""574"" class=""""><strong data-start=""210"" data-end=""259"">Like walking through a garden at golden hour.</strong><br data-start=""259"" data-end=""262""><em data-start=""262"" data-end=""284"">Japanese Honeysuckle</em> is floral but not fussy — a perfect blend of mandarin, grape, jasmine and cedar that smells fresh, slightly fruity, and totally addictive. It’s that “I just cleaned but also lit a fancy candle” kind of energy. Light it when you want your space to feel bright, balanced, and quietly boujee.</p>
<hr data-start=""576"" data-end=""579"" class="""">
<p data-start=""581"" data-end=""682"" class=""""><strong data-start=""581"" data-end=""597"">Scent Notes:</strong><br data-start=""597"" data-end=""600"">• Mandarin &amp; Pine Needle<br data-start=""624"" data-end=""627"">• Grape &amp; Neroli<br data-start=""643"" data-end=""646"">• Vanilla, Malt, Jasmine &amp; Cedarwood</p>
<hr data-start=""684"" data-end=""687"" class="""">
<p data-start=""689"" data-end=""804"" class=""""><strong data-start=""689"" data-end=""707"">Light it when:</strong><br data-start=""707"" data-end=""710"">You want your home to smell like a floral daydream — fresh, warm, and full of feel-good vibes.</p>
<hr data-start=""806"" data-end=""809"" class="""">
<p data-start=""811"" data-end=""947"" class=""""><strong data-start=""811"" data-end=""833"">Sizes &amp; Burn Time:</strong><br data-start=""833"" data-end=""836"">• Medium – 33hr burn<br data-start=""856"" data-end=""859"">• Large – 48hr burn<br data-start=""878"" data-end=""881"">• X-Large – 63hr burn<br data-start=""902"" data-end=""905"">(All hand-poured with soy wax + CDN wicks)</p>
<hr data-start=""949"" data-end=""952"" class="""">
<p data-start=""954"" data-end=""1086"" class=""""><strong data-start=""954"" data-end=""967"">Shipping:</strong><br data-start=""967"" data-end=""970"">Dispatched in 1–3 business days from our QLD candle studio. Packed with recyclable materials and a whole lotta care.</p>",Zenvi Boutique,Home & Garden > Decor > Home Fragrances > Candles,"","",true,Size,Medium,,,,,,,,"",0.0,shopify,3,deny,manual,24.99,,true,true,"",https://cdn.shopify.com/s/files/1/0755/8591/2866/files/Untitled-3.png?v=1742187590,1,"",false,,,,,,,,,,,,,,,,,,,,kg,,,true,,,true,,,active
japanese-honeysuckle-scented-candle,,,,,,,,,Large,,,,,,,,"",0.0,shopify,3,deny,manual,29.99,,true,true,"",,,,,,,,,,,,,,,,,,,,,,,,kg,,,,,,,,,
japanese-honeysuckle-scented-candle,,,,,,,,,X-Large,,,,,,,,"",0.0,shopify,3,deny,manual,34.99,,true,true,"",,,,,,,,,,,,,,,,,,,,,,,,kg,,,,,,,,,
black-raspberry-vanilla-scented-candle,Black Raspberry & Vanilla Scented Candle,"<p data-start=""174"" data-end=""204"" class=""""><em data-start=""174"" data-end=""204"">Bold. Sweet. Smooth as hell.</em></p>
<p data-start=""206"" data-end=""573"" class=""""><strong data-start=""206"" data-end=""250"">Smells like dessert... but make it sexy.</strong><br data-start=""250"" data-end=""253""><em data-start=""253"" data-end=""280"">Black Raspberry &amp; Vanilla</em> blends juicy berries with soft florals and warm vanilla for a scent that’s equal parts rich and comforting. It’s deep, velvety, and just a little bit seductive — like your favourite oversized knit and a cheeky glass of red. Light it when the vibe calls for cozy with a side of main character.</p>
<hr data-start=""575"" data-end=""578"" class="""">
<p data-start=""580"" data-end=""661"" class=""""><strong data-start=""580"" data-end=""596"">Scent Notes:</strong><br data-start=""596"" data-end=""599"">• Blackberry &amp; Raspberry<br data-start=""623"" data-end=""626"">• Rose &amp; Jasmine<br data-start=""642"" data-end=""645"">• Vanilla &amp; Musk</p>
<hr data-start=""663"" data-end=""666"" class="""">
<p data-start=""668"" data-end=""807"" class=""""><strong data-start=""668"" data-end=""686"">Light it when:</strong><br data-start=""686"" data-end=""689"">You’re settling in for the night, setting the mood, or just want your space to smell like pure comfort and confidence.</p>
<hr data-start=""809"" data-end=""812"" class="""">
<p data-start=""814"" data-end=""950"" class=""""><strong data-start=""814"" data-end=""836"">Sizes &amp; Burn Time:</strong><br data-start=""836"" data-end=""839"">• Medium – 33hr burn<br data-start=""859"" data-end=""862"">• Large – 48hr burn<br data-start=""881"" data-end=""884"">• X-Large – 63hr burn<br data-start=""905"" data-end=""908"">(All hand-poured with soy wax + CDN wicks)</p>
<hr data-start=""952"" data-end=""955"" class="""">
<p data-start=""957"" data-end=""1080"" class=""""><strong data-start=""957"" data-end=""970"">Shipping:</strong><br data-start=""970"" data-end=""973"">Dispatched in 1–3 business days from our QLD candle studio. Sustainably packed, sealed with scent and love.</p>",Zenvi Boutique,Home & Garden > Decor > Home Fragrances > Candles,"",Best Seller,true,Size,Medium,,,,,,,,"",0.0,shopify,3,deny,manual,24.99,,true,true,"",https://cdn.shopify.com/s/files/1/0755/8591/2866/files/Black-Rasberry-Vanilla-Candle.png?v=1729749520,1,"",false,,,,,,,,,,,,,,,,,,,,kg,,,true,,,true,,,active
black-raspberry-vanilla-scented-candle,,,,,,,,,Large,,,,,,,,"",0.0,shopify,3,deny,manual,29.99,,true,true,"",,,,,,,,,,,,,,,,,,,,,,,,kg,,,,,,,,,
black-raspberry-vanilla-scented-candle,,,,,,,,,X-Large,,,,,,,,"",0.0,shopify,3,deny,manual,34.99,,true,true,"",,,,,,,,,,,,,,,,,,,,,,,,kg,,,,,,,,,
mimosa-mandarin-scented-candle,Mimosa & Mandarin Scented Candle,"<p data-start=""164"" data-end=""202"" class=""""><em data-start=""164"" data-end=""202"">Fresh. Sparkly. Sunday brunch vibes.</em></p>
<p data-start=""204"" data-end=""567"" class=""""><strong data-start=""204"" data-end=""256"">Smells like bottomless mimosas and good company.</strong><br data-start=""256"" data-end=""259""><em data-start=""259"" data-end=""278"">Mimosa &amp; Mandarin</em> is an instant mood-lifter — a citrusy floral blend that’s light, refreshing, and a little bit fancy. Juicy mandarin and tangerine pop through soft florals and vanilla for a scent that feels like sunshine in a jar. Light it when you're feeling social, sparkly, or need a little pick-me-up.</p>
<hr data-start=""569"" data-end=""572"" class="""">
<p data-start=""574"" data-end=""679"" class=""""><strong data-start=""574"" data-end=""590"">Scent Notes:</strong><br data-start=""590"" data-end=""593"">• Mandarin &amp; Tangerine<br data-start=""615"" data-end=""618"">• Mimosa, Jasmine &amp; Lavender<br data-start=""646"" data-end=""649"">• Lily of the Valley &amp; Vanilla</p>
<hr data-start=""681"" data-end=""684"" class="""">
<p data-start=""686"" data-end=""798"" class=""""><strong data-start=""686"" data-end=""704"">Light it when:</strong><br data-start=""704"" data-end=""707"">You're hosting brunch, calling the girls, or just pretending it's a Sunday that never ends.</p>
<hr data-start=""800"" data-end=""803"" class="""">
<p data-start=""805"" data-end=""941"" class=""""><strong data-start=""805"" data-end=""827"">Sizes &amp; Burn Time:</strong><br data-start=""827"" data-end=""830"">• Medium – 33hr burn<br data-start=""850"" data-end=""853"">• Large – 48hr burn<br data-start=""872"" data-end=""875"">• X-Large – 63hr burn<br data-start=""896"" data-end=""899"">(All hand-poured with soy wax + CDN wicks)</p>
<hr data-start=""943"" data-end=""946"" class="""">
<p data-start=""948"" data-end=""1080"" class=""""><strong data-start=""948"" data-end=""961"">Shipping:</strong><br data-start=""961"" data-end=""964"">Dispatched in 1–3 business days from our QLD candle studio. Packed with recyclable materials and good energy always.</p>",Zenvi Boutique,Home & Garden > Decor > Home Fragrances > Candles,"","",true,Size,Medium,,,,,,,,"",0.0,shopify,3,deny,manual,24.99,,true,true,"",https://cdn.shopify.com/s/files/1/0755/8591/2866/files/Untitled-1_072a067b-18cf-47e9-9e16-9dc0957b1887.png?v=1742187762,1,"",false,,,,,,,,,,,,,,,container,black,,,,kg,,,true,,,true,,,active
mimosa-mandarin-scented-candle,,,,,,,,,Large,,,,,,,,"",0.0,shopify,3,deny,manual,29.99,,true,true,"",,,,,,,,,,,,,,,,,,,,,,,,kg,,,,,,,,,
mimosa-mandarin-scented-candle,,,,,,,,,X-Large,,,,,,,,"",0.0,shopify,3,deny,manual,34.99,,true,true,"",,,,,,,,,,,,,,,,,,,,,,,,kg,,,,,,,,,
lemongrass-amp-persian-lime-scented-candle,Lemongrass & Persian Lime Scented Candle,"<p data-start=""176"" data-end=""201"" class=""""><em data-start=""176"" data-end=""201"">Zingy. Clean. Fresh AF.</em></p>
<p data-start=""203"" data-end=""563"" class=""""><strong data-start=""203"" data-end=""251"">Smells like a deep breath and a clean slate.</strong><br data-start=""251"" data-end=""254""><em data-start=""254"" data-end=""281"">Lemongrass &amp; Persian Lime</em> is your go-to for instant freshness — a citrusy punch of lime and lemon peel balanced with smooth jasmine and vanilla. It’s bright, energising, and basically the candle version of opening every window in the house. Light it when you need to reset the vibe or fake a spotless clean.</p>
<hr data-start=""565"" data-end=""568"" class="""">
<p data-start=""570"" data-end=""666"" class=""""><strong data-start=""570"" data-end=""586"">Scent Notes:</strong><br data-start=""586"" data-end=""589"">• Lime Zest &amp; Lemon Peel<br data-start=""613"" data-end=""616"">• Lemongrass &amp; Jasmine<br data-start=""638"" data-end=""641"">• Vanilla Bean &amp; Rosewood</p>
<hr data-start=""668"" data-end=""671"" class="""">
<p data-start=""673"" data-end=""772"" class=""""><strong data-start=""673"" data-end=""691"">Light it when:</strong><br data-start=""691"" data-end=""694"">You’re cleaning, clearing your head, or craving that “just refreshed” feeling.</p>
<hr data-start=""774"" data-end=""777"" class="""">
<p data-start=""779"" data-end=""915"" class=""""><strong data-start=""779"" data-end=""801"">Sizes &amp; Burn Time:</strong><br data-start=""801"" data-end=""804"">• Medium – 33hr burn<br data-start=""824"" data-end=""827"">• Large – 48hr burn<br data-start=""846"" data-end=""849"">• X-Large – 63hr burn<br data-start=""870"" data-end=""873"">(All hand-poured with soy wax + CDN wicks)</p>
<hr data-start=""917"" data-end=""920"" class="""">
<p data-start=""922"" data-end=""1031"" class=""""><strong data-start=""922"" data-end=""935"">Shipping:</strong><br data-start=""935"" data-end=""938"">Dispatched in 1–3 business days from our QLD candle studio. Sustainably packed, always fresh.</p>",Zenvi Boutique,Home & Garden > Decor > Home Fragrances > Candles,"","",true,Size,Medium,,,,,,,,"",0.0,shopify,3,deny,manual,24.99,,true,true,"",https://cdn.shopify.com/s/files/1/0755/8591/2866/files/Untitled-1_077b0211-8b14-4fe4-b47d-2753bd097b74.png?v=1742187713,1,"",false,,,,,,,,,,,,,,,container,black,,,,kg,,,true,,,true,,,active
lemongrass-amp-persian-lime-scented-candle,,,,,,,,,Large,,,,,,,,"",0.0,shopify,3,deny,manual,29.99,,true,true,"",,,,,,,,,,,,,,,,,,,,,,,,kg,,,,,,,,,
lemongrass-amp-persian-lime-scented-candle,,,,,,,,,X-Large,,,,,,,,"",0.0,shopify,3,deny,manual,34.99,,true,true,"",,,,,,,,,,,,,,,,,,,,,,,,kg,,,,,,,,,
vanilla-caramel-scented-candle,Vanilla Caramel Scented Candle,"<p data-start=""163"" data-end=""196"" class=""""><em data-start=""163"" data-end=""196"">Warm. Sweet. Utterly indulgent.</em></p>
<p data-start=""198"" data-end=""540"" class=""""><strong data-start=""198"" data-end=""242"">Smells like dessert, minus the calories.</strong><br data-start=""242"" data-end=""245""><em data-start=""245"" data-end=""262"">Vanilla Caramel</em> is pure comfort in a jar — rich, buttery caramel swirled with creamy vanilla and just a hint of toasted coconut. It’s warm, gooey, and smells like someone’s been baking all day (without the mess). Light it when you're craving something sweet, cozy, and completely irresistible.</p>
<hr data-start=""542"" data-end=""545"" class="""">
<p data-start=""547"" data-end=""645"" class=""""><strong data-start=""547"" data-end=""563"">Scent Notes:</strong><br data-start=""563"" data-end=""566"">• Buttery Balsamic<br data-start=""584"" data-end=""587"">• Salted Caramel &amp; Coconut<br data-start=""613"" data-end=""616"">• Creamy Vanilla &amp; Tonka Bean</p>
<hr data-start=""647"" data-end=""650"" class="""">
<p data-start=""652"" data-end=""771"" class=""""><strong data-start=""652"" data-end=""670"">Light it when:</strong><br data-start=""670"" data-end=""673"">You're ready to curl up on the couch, binge something good, or make your whole space smell edible.</p>
<hr data-start=""773"" data-end=""776"" class="""">
<p data-start=""778"" data-end=""914"" class=""""><strong data-start=""778"" data-end=""800"">Sizes &amp; Burn Time:</strong><br data-start=""800"" data-end=""803"">• Medium – 33hr burn<br data-start=""823"" data-end=""826"">• Large – 48hr burn<br data-start=""845"" data-end=""848"">• X-Large – 63hr burn<br data-start=""869"" data-end=""872"">(All hand-poured with soy wax + CDN wicks)</p>
<hr data-start=""916"" data-end=""919"" class="""">
<p data-start=""921"" data-end=""1038"" class=""""><strong data-start=""921"" data-end=""934"">Shipping:</strong><br data-start=""934"" data-end=""937"">Dispatched in 1–3 business days from our QLD candle studio. Packed with care and a little sugar rush.</p>",Zenvi Boutique,Home & Garden > Decor > Home Fragrances > Candles,"","",true,Size,Medium,,,,,,,,"",0.0,shopify,3,deny,manual,24.99,,true,true,"",https://cdn.shopify.com/s/files/1/0755/8591/2866/files/DALL_E_2024-09-29_15.13.59_-_A_professional_product_shoot_of_a_matte_black_candle_with_a_timber_lid_closed_placed_on_a_smooth_caramel-colored_background._The_candle_is_surrounde.webp?v=1727586906,1,"",false,,,,,,,,,,,,,,,container,black,,,,kg,,,true,,,true,,,active
vanilla-caramel-scented-candle,,,,,,,,,Large,,,,,,,,"",0.0,shopify,3,deny,manual,29.99,,true,true,"",,,,,,,,,,,,,,,,,,,,,,,,kg,,,,,,,,,
vanilla-caramel-scented-candle,,,,,,,,,X-Large,,,,,,,,"",0.0,shopify,3,deny,manual,34.99,,true,true,"",,,,,,,,,,,,,,,,,,,,,,,,kg,,,,,,,,,
